spot,strike,volatility,rate,expiry,price,bs_price
88.3838,99.9021,0.26775,0.0235993,0.434446,2.61705,2.61771
83.2403,96.8128,0.489041,0.0442491,0.31841,4.85784,4.87002
86.9403,97.0814,0.299137,0.026753,0.357286,2.91284,2.91834
83.1708,113.247,0.345745,0.0348317,1.45261,6.35401,6.369
100.973,112.278,0.334388,0.028076,1.60214,14.4564,14.4528
119.256,110.232,0.243507,0.0177148,1.95886,22.541,22.492
92.9866,102.844,0.498585,0.0194694,0.267983,6.01529,6.04043
116.797,95.2909,0.462492,0.0495486,0.763899,32.1019,32.0595
105.09,101.927,0.233192,0.0103797,0.479982,8.65517,8.64271
100.26,103.406,0.392936,0.0362435,0.59028,11.6239,11.6144
110.891,105.124,0.411849,0.0282987,1.96479,30.0323,30.0265
104.982,90.7728,0.309192,0.0292717,0.722831,20.1722,20.1437
112.949,95.1321,0.351269,0.0233007,0.66359,23.8622,23.7937
97.2758,98.4295,0.265578,0.0232324,1.14309,11.6223,11.6293
109.642,113.876,0.477488,0.0110267,0.338464,10.4885,10.5097
103.996,109.933,0.363764,0.0134006,1.69009,18.0832,18.0728
101.391,107.341,0.110508,0.0391468,0.173478,0.334356,0.33392
102.055,83.2827,0.177227,0.0292074,0.613295,20.5612,20.55
116.737,116.239,0.146317,0.023203,0.814872,7.51235,7.50743
105.278,115.444,0.147038,0.0331675,0.810604,2.88043,2.87523
119.604,97.4896,0.181666,0.0404087,0.565838,24.5842,24.6094
95.6583,86.2316,0.286692,0.0166731,1.26603,18.0151,17.9966
82.9442,101.682,0.105289,0.0126386,0.759936,0.0513931,0.0520927
94.8688,118.844,0.238892,0.0187845,0.318969,0.312282,0.311905
117.728,115.516,0.135576,0.0162546,1.53641,10.5125,10.5059
114.436,81.0629,0.130884,0.0204989,1.16178,35.3231,35.2998
109.79,105.861,0.448118,0.0148699,1.3009,24.6414,24.6484
107.535,107.138,0.241759,0.0332523,1.03183,12.4291,12.4411
89.5268,102.217,0.498802,0.0257938,1.79112,20.595,20.622
102.921,115.629,0.371593,0.0317193,0.264053,3.68364,3.68808
99.733,111.012,0.498694,0.0356878,1.70359,23.7463,23.7498
107.02,114.348,0.182185,0.048073,0.522099,3.75965,3.76448
102.283,83.9863,0.445549,0.0364401,0.93096,28.2729,28.3171
103.342,100.238,0.435089,0.0221244,0.556644,15.3232,15.3229
90.7721,86.474,0.331465,0.02923,0.612661,12.2848,12.2781
100.037,115.576,0.118834,0.015328,0.935932,0.790264,0.790625
90.292,106.449,0.135257,0.043631,1.96551,3.98579,3.99887
113.733,96.341,0.38973,0.015085,1.91419,33.4872,33.4829
99.8484,108.424,0.479872,0.0109347,0.590597,11.5547,11.5615
115.129,82.2614,0.117285,0.0132994,1.53053,34.5716,34.5567
104.89,92.4132,0.298235,0.0245185,1.46499,23.1606,23.1323
80.1256,105.36,0.377301,0.0182098,1.01135,5.11228,5.11328
104.57,87.1482,0.436768,0.0108064,1.34985,29.7451,29.7967
108.377,94.0111,0.437494,0.0233519,1.0253,27.0164,27.0352
118.541,103.688,0.231431,0.0480943,0.775426,21.1371,21.1241
115.552,100.393,0.182788,0.0464268,1.84952,25.9181,25.932
118.005,117.092,0.172364,0.0440493,0.148415,4.00912,4.01274
118.641,89.6033,0.251499,0.0406107,0.467875,31.0084,31.0131
112.607,89.8877,0.479943,0.0410448,0.393542,27.7187,27.7339
111.599,93.1386,0.147281,0.020162,1.28913,21.7438,21.7234
116.697,114.206,0.44277,0.0290336,0.413067,15.0201,15.0015
110.924,116.84,0.36326,0.018387,1.2489,16.5088,16.5183
92.1878,87.9462,0.108412,0.0403871,1.64108,11.2986,11.2922
101.365,112.693,0.260864,0.0131492,0.167565,1.00306,1.00165
115.142,92.4928,0.410638,0.0406658,1.17744,34.5172,34.4578
92.3104,111.164,0.324419,0.0188281,0.835288,5.21893,5.21372
114.513,118.858,0.4893,0.0353942,0.175824,7.79406,7.80825
110.286,105.734,0.166348,0.0111672,1.43198,11.9576,11.9697
102.745,108.875,0.254478,0.0132376,0.962753,8.26935,8.23836
94.2156,107.651,0.336348,0.0462837,0.778702,7.47995,7.48711
113.725,105.802,0.143505,0.0336601,1.13124,14.0985,14.1306
85.3275,82.1658,0.379766,0.0470108,0.273023,8.88072,8.89408
115.851,117.316,0.271858,0.0190674,0.921388,12.3005,12.2877
115.048,108.583,0.230833,0.0400196,0.936075,15.8566,15.8639
85.8066,99.5935,0.486413,0.0132148,0.299605,4.512,4.50701
109.514,92.7803,0.262182,0.0441331,0.609421,21.0759,21.0827
95.9277,111.884,0.118316,0.0364709,1.51029,2.15869,2.16461
104.54,91.7483,0.241554,0.0304602,0.464257,15.7621,15.7474
111.37,82.4499,0.367928,0.0130652,1.12229,34.4648,34.4579
113.481,101.471,0.372897,0.0400768,0.592178,20.6498,20.6384
108.423,117.4,0.298892,0.0467391,1.06633,11.9069,11.9254
118.929,82.498,0.430054,0.0199568,1.23142,43.8045,43.7802
113.839,109.004,0.326624,0.0364101,0.311968,11.4461,11.4454
110.201,117.467,0.472916,0.0166291,0.721728,15.1806,15.2274
88.9083,95.6798,0.304453,0.0466176,1.68627,14.1781,14.128
95.3483,106.555,0.290441,0.0110035,0.371324,2.97114,2.97323
103.71,88.3323,0.37835,0.0299144,1.24584,26.777,26.7601
85.261,111.104,0.173545,0.0139706,0.464082,0.0592564,0.0584851
114.749,102.791,0.125416,0.0257097,1.92273,18.6941,18.7054
108.902,83.4788,0.359785,0.0319483,1.27352,33.6305,33.6255
113.741,95.8032,0.189336,0.0296913,0.604599,20.3322,20.3525
84.7153,117.505,0.239405,0.0192452,1.8643,3.24601,3.24303
85.6438,82.2476,0.430356,0.0493507,0.214567,8.9617,8.97735
102.677,100.359,0.133465,0.0348135,1.08119,9.04517,9.04033
110.688,118.887,0.122223,0.0182401,1.20876,3.68675,3.68199
93.5236,98.5329,0.237137,0.0408747,0.978534,8.21691,8.22448
106.837,81.3175,0.489248,0.0363729,1.77039,41.5689,41.5823
114.636,86.3492,0.147827,0.0408349,1.96308,35.2516,35.2538
85.0897,88.0908,0.430139,0.0225235,1.34908,16.6275,16.6391
109.15,92.357,0.369442,0.0279475,1.41692,29.2206,29.2415
104.387,104.612,0.26122,0.0335928,0.94888,12.0222,12.0122
109.769,86.9807,0.225407,0.0412192,1.47411,29.7824,29.7847
103.09,116.284,0.283828,0.0142009,0.284488,2.09352,2.09645
117.267,118.576,0.120026,0.0278589,1.9851,10.5435,10.5281
104.36,88.6663,0.257938,0.0465032,1.96746,28.1453,28.1258
103.264,94.2443,0.113354,0.0352499,1.11887,13.4823,13.4732
89.3918,103.552,0.381546,0.0257429,1.27059,11.2674,11.2857
119.222,84.5133,0.189167,0.0480047,0.934472,38.4853,38.5233
93.4516,82.8,0.369206,0.0215904,1.38125,22.3559,22.3466
98.5813,92.4875,0.250657,0.0374427,0.975137,14.694,14.6959
115.146,86.7705,0.190764,0.0262989,1.02429,31.0809,31.118
109.865,93.6155,0.317477,0.020009,0.466348,19.7991,19.8279
110.824,82.7751,0.325865,0.0462279,1.44161,36.8975,36.8775
108.836,81.5882,0.193653,0.0373122,1.19602,31.3081,31.2918
101.064,104.898,0.47139,0.0132749,1.96815,25.7751,25.7705
94.0128,107.48,0.109481,0.0157592,0.777579,0.47657,0.477633
115.224,87.7757,0.445409,0.0454045,1.53901,42.0449,41.9695
92.0649,107.425,0.212427,0.0362051,1.86945,7.41541,7.43299
89.3704,92.7723,0.365403,0.0369779,0.178953,4.31411,4.3066
84.662,88.6884,0.40279,0.024615,1.95927,18.848,18.8514
95.0239,118.721,0.202541,0.015729,0.908098,1.45797,1.44972
112.028,101.363,0.237477,0.0122479,0.555089,14.4787,14.4945
117.894,89.8926,0.440682,0.0429596,1.23193,40.048,39.9738
89.9007,106.064,0.239735,0.0435043,1.63061,7.5506,7.56467
84.4674,93.9377,0.180754,0.0115792,0.445281,1.19999,1.20224
110.374,119.272,0.127352,0.0153869,0.239985,0.413286,0.414434
118.808,91.3715,0.291146,0.0250025,1.70587,35.7169,35.8422
87.5705,115.83,0.217055,0.0459874,1.16744,2.04279,2.04336
91.0795,115.759,0.13163,0.0146569,1.42855,0.597957,0.596608
92.2931,95.1856,0.19408,0.0492747,0.567488,5.25437,5.25337
86.9756,80.2761,0.14562,0.025797,0.520344,8.65548,8.65948
100.453,94.3202,0.138772,0.0494072,1.85385,16.4377,16.4276
106.972,100.716,0.46146,0.0139679,0.314054,14.3127,14.339
97.5372,93.3713,0.323075,0.0359102,1.63304,20.3627,20.3745
101.819,93.3608,0.422386,0.0415276,0.168772,12.2126,12.2346
95.233,119.642,0.233265,0.0113643,0.148522,0.0179023,0.0180731
82.1981,119.264,0.237544,0.0428688,0.964627,0.79266,0.793281
101.36,119.243,0.120893,0.0353123,1.92413,3.19422,3.18079
89.6093,102.392,0.259689,0.0146615,0.706817,3.71332,3.71154
106.104,116.161,0.258999,0.0446983,1.44362,11.9766,11.9394
119.77,86.7657,0.453451,0.0254442,0.61147,37.5281,37.5772
108.672,82.1827,0.175697,0.0106083,1.68177,28.8686,28.9005
85.1813,98.8634,0.297097,0.0350628,0.799161,5.08329,5.07114
106.091,88.105,0.198416,0.0318685,0.508428,19.8618,19.8696
90.9359,97.2829,0.202096,0.0146031,1.07116,5.60608,5.59372
104.728,105.637,0.203038,0.023647,1.59604,12.0841,12.1034
91.0339,100.892,0.243052,0.0219166,1.5656,8.45095,8.45046
93.779,97.8034,0.152959,0.0246307,0.983688,4.91289,4.91874
111.874,113.479,0.372891,0.0259179,1.9121,24.4028,24.3583
87.8495,99.1363,0.122446,0.0208735,0.199111,0.0298817,0.0297622
110.794,109.312,0.136406,0.0480812,1.99903,15.0913,15.0826
81.9012,104.76,0.451069,0.0252339,1.12341,9.15562,9.11971
92.3637,88.3943,0.348714,0.0109806,0.453709,10.8092,10.8146
115.448,93.8405,0.182434,0.0323144,0.114966,21.9565,21.9561
105.546,95.9127,0.491704,0.0405334,1.25528,29.3029,29.2713
95.3557,105.083,0.468425,0.0328116,0.168008,3.9128,3.91861
109.79,117.207,0.410713,0.0495609,1.12339,18.5439,18.4791
113.368,81.091,0.341153,0.0262886,1.73969,40.5386,40.5002
116.63,81.2069,0.320741,0.0246219,1.32424,40.5662,40.577
95.7604,90.1538,0.268302,0.0156112,0.682181,11.8549,11.853
109.337,93.347,0.206402,0.0302509,1.15472,21.5284,21.5198
107.823,110.055,0.395778,0.0188377,1.94125,24.1577,24.1057
89.0849,115.608,0.417615,0.0306085,1.20855,9.13936,9.10828
89.7959,117.358,0.24068,0.0469005,0.990947,2.30006,2.30177
115.821,98.2771,0.352571,0.0298588,0.862663,26.0139,26.0067
81.8303,103.614,0.457126,0.0308431,0.414981,3.46872,3.46337
85.618,98.5363,0.352504,0.0163665,0.450833,3.86393,3.86654
103.81,89.5594,0.30091,0.0348661,0.860637,21.0889,21.089
115.975,94.984,0.309129,0.0390522,0.190627,22.0789,22.0769
101.064,113.077,0.396642,0.0499413,1.61413,18.9044,18.8402
96.3865,112.024,0.498483,0.0469504,0.656062,10.9511,10.9831
111.72,87.6863,0.359331,0.0172149,0.476214,26.7643,26.738
105.953,102.488,0.231716,0.0169657,1.99608,17.0659,17.0443
94.5289,81.8747,0.492914,0.0467964,1.43751,30.0223,30.0798
81.8413,92.7998,0.4035,0.0313362,0.806476,8.54906,8.53332
86.9555,114.59,0.243084,0.0126622,1.69086,3.69918,3.6901
93.4783,108.635,0.299303,0.0203069,1.34209,8.44869,8.43416
108.206,101.885,0.129824,0.0322847,0.463644,8.84917,8.84725
107.714,87.9774,0.377831,0.0112823,0.474511,23.2571,23.2378
90.445,87.2809,0.325527,0.0380836,1.81731,19.8676,19.8433
93.0344,99.1707,0.396477,0.0376123,0.68849,10.6969,10.6717
106.026,92.8185,0.208042,0.0171009,1.27324,18.7047,18.7167
98.8641,106.202,0.301365,0.0215663,1.42444,12.4383,12.4337
96.0372,97.1199,0.26251,0.0297862,1.77051,15.055,15.0885
86.4974,111.968,0.474367,0.0347739,0.892016,8.41512,8.38727
100.632,107.175,0.457322,0.0222286,1.88699,24.0163,24.019
102.916,104.32,0.171401,0.0254941,0.380487,4.15449,4.15193
81.6002,113.891,0.210183,0.0204333,0.619481,0.161365,0.157816
105.15,101.596,0.153844,0.0429125,0.465631,7.62313,7.62903
108.525,105.489,0.142393,0.0175031,0.397244,5.99626,5.99207
105.18,104.784,0.489222,0.0167239,1.9298,29.3796,29.3813
97.3407,105.577,0.404677,0.0474459,0.937226,13.6794,13.6445
87.0258,119.922,0.246656,0.0114294,0.534566,0.299902,0.300527
102.225,80.937,0.482976,0.0492747,0.694683,29.4056,29.4045
87.2138,102.071,0.30154,0.0213209,1.57138,8.93224,8.91905
98.2207,119.394,0.19928,0.0395125,1.35426,4.05832,4.03601
107.46,83.565,0.496558,0.0462952,1.07558,35.8862,36.0357
105.766,101.134,0.296447,0.0235788,0.508291,11.8725,11.8833
92.1639,106.186,0.374996,0.0376726,0.140616,1.22181,1.22281
116.456,92.4777,0.227677,0.0149917,1.7998,29.884,29.8974
90.2116,82.0589,0.152372,0.0456442,0.159174,8.85043,8.84736
89.2281,111.064,0.263655,0.0192303,0.595012,1.60917,1.60859
119.27,92.0206,0.482726,0.041309,1.51662,43.8078,43.7644
84.3376,95.2484,0.470703,0.0241419,1.40079,15.694,15.716
94.7924,93.8314,0.461486,0.0342936,1.38804,22.4766,22.5103
119.278,119.516,0.445393,0.0161623,1.78172,29.0933,29.1143
108.117,88.3582,0.450526,0.0108755,1.59911,34.1452,34.0477
102.247,97.8624,0.331359,0.0458849,0.198294,8.87969,8.86592
114.208,81.5991,0.33465,0.0290652,1.45572,39.5501,39.521
115.917,116.851,0.344124,0.0186616,0.850334,14.9839,15.0134
96.2257,83.2481,0.181605,0.0307259,0.747247,15.8843,15.878
90.8196,106.553,0.415119,0.0351867,1.46957,14.2731,14.3185
86.3477,107.134,0.100215,0.0261122,1.69843,0.543512,0.54445
99.3777,92.4183,0.258485,0.032335,1.90317,20.2865,20.3282
97.3992,111.577,0.275451,0.0233588,0.241801,1.26042,1.25954
82.3534,112.218,0.362819,0.0419693,0.103922,0.0162445,0.0159746
103.231,105.688,0.117555,0.0298017,1.23863,6.0597,6.0629
107.94,103.073,0.3446,0.0423063,1.29046,21.5831,21.6368
113.29,95.862,0.380699,0.0425878,0.608238,24.637,24.5975
118.088,110.137,0.262968,0.032125,1.98873,24.6554,24.6998
84.2243,80.9971,0.153766,0.0300712,1.53656,10.1784,10.1773
91.766,94.9908,0.472909,0.037069,1.32739,20.2928,20.2342
106.924,95.2643,0.185059,0.0464763,0.839453,16.9341,16.9525
80.1184,93.1799,0.307643,0.0435344,0.400268,2.42617,2.43075
103.144,116.58,0.493932,0.0411424,1.21963,19.2967,19.3325
115.379,92.3938,0.158964,0.0122869,0.427759,23.5216,23.524
93.4693,101.467,0.168867,0.0453807,1.99629,9.23658,9.23899
87.9808,102.879,0.117706,0.0156887,1.72133,1.63616,1.62559
95.1751,92.7967,0.312739,0.0497954,1.64666,19.722,19.7109
105.803,88.443,0.400558,0.0266196,0.514804,22.6135,22.681
92.6339,113.627,0.343918,0.0165788,1.32108,8.37382,8.34188
102.006,80.2902,0.324571,0.0497061,1.10995,29.2171,29.2402
89.9827,112.529,0.491218,0.0316292,1.56959,16.2495,16.1788
93.4674,105.174,0.149965,0.0240114,0.287444,0.303229,0.303012
81.3907,105.987,0.47842,0.0351074,0.996063,8.82361,8.76815
98.0257,83.5164,0.202452,0.0124264,0.262732,15.0061,15.0123
105.498,92.302,0.385509,0.0347707,1.88548,30.8572,30.9235
116.882,90.5974,0.158776,0.0118082,0.478647,26.8318,26.8283
95.3602,119.972,0.119866,0.0441414,1.82052,1.60006,1.59721
118.47,82.4802,0.356713,0.015156,0.10496,36.1034,36.1232
84.9203,104.993,0.386282,0.0221886,1.02465,7.29133,7.32549
109.942,111.509,0.225589,0.0323047,0.583455,7.80412,7.7911
94.5932,105.766,0.251351,0.0157364,1.23431,7.05537,7.03293
101.396,83.7897,0.251575,0.0130059,1.90528,24.774,24.7712
106.92,97.0921,0.28337,0.048645,1.02544,20.0879,20.0774
103.345,94.6907,0.30942,0.0136439,1.09116,18.2061,18.2707
95.1858,89.1288,0.397021,0.0272885,1.06948,19.5127,19.4791
94.4713,119.907,0.352558,0.0244895,1.01993,6.2285,6.26441
106.107,113.922,0.203279,0.0476688,1.48984,10.4781,10.4741
109.641,118.604,0.414212,0.0144402,1.43155,18.9256,18.9766
117.146,98.2247,0.277284,0.0372242,1.6548,30.3087,30.3472
95.3368,90.1809,0.435139,0.0368695,0.865439,18.9565,18.9813
88.7928,117.982,0.112906,0.0370199,0.35243,2.5568e-05,3.96945e-05
117.047,91.7678,0.321471,0.047025,1.36192,35.2927,35.3016
106.829,116.572,0.20922,0.0246343,1.11358,6.75467,6.73768
97.7391,119.233,0.470489,0.0244064,0.703568,8.8047,8.79975
81.9323,111.869,0.356106,0.0207894,0.454682,1.13588,1.13353
86.7353,116.585,0.420928,0.0134383,0.664909,3.83771,3.84311
94.0842,112.102,0.296698,0.0311942,1.49396,8.94011,8.89884
80.0803,89.7317,0.306071,0.0389067,0.757781,5.77318,5.77496
104.806,115.462,0.362539,0.0418288,0.588557,8.49596,8.5019
99.5615,90.9997,0.449301,0.0183631,0.10832,11.0443,11.0291
119.744,93.7643,0.484049,0.0302306,0.323813,29.727,29.6703
116.306,114.585,0.458485,0.0153895,0.634103,18.0665,18.0958
89.3411,91.4711,0.188287,0.0380428,1.88981,11.2716,11.2457
99.3945,85.832,0.232015,0.0250302,0.945493,18.2672,18.2371
106.117,108.106,0.173517,0.0154675,1.64371,9.72164,9.73336
104.161,88.4873,0.445522,0.0105344,1.73902,31.6934,31.7215
80.4463,80.7035,0.495574,0.0121749,1.22219,17.7541,17.7359
116.703,114.082,0.440825,0.0329539,0.484899,16.2699,16.2905
83.6401,104.844,0.158435,0.0350218,1.38137,1.53999,1.54374
90.657,115.094,0.11996,0.0447738,0.273404,0.000227831,0.000239188
88.3917,99.1669,0.413391,0.0173762,0.562637,7.21026,7.2399
106.727,107.63,0.195501,0.0174048,0.661999,6.91425,6.92134
117.434,110.732,0.126654,0.0147054,0.563552,9.14449,9.14418
119.348,85.4005,0.334051,0.0455806,1.20684,41.1386,41.1545
105.467,117.925,0.440962,0.0401339,0.945007,14.7689,14.8189
87.4386,106.402,0.193552,0.0129326,1.4275,2.79667,2.79421
90.9979,82.9733,0.377312,0.0327982,1.70791,23.4582,23.4965
115.556,89.6708,0.29128,0.0126779,0.167306,26.1529,26.1444
119.199,117.623,0.377268,0.0482173,1.82257,29.0112,28.982
90.7567,115.285,0.364091,0.0429139,0.709071,4.52145,4.52663
96.1693,98.694,0.35918,0.0261544,1.41252,16.6642,16.6979
89.7185,91.6966,0.223654,0.029416,0.600345,6.02357,6.02298
104.609,103.536,0.265881,0.0146344,0.593585,9.48164,9.4738
100.754,119.27,0.407858,0.0394359,1.28384,13.9187,13.8742
114.504,111.104,0.136744,0.0377769,0.86877,9.81401,9.80729
90.7191,89.997,0.100751,0.0122287,0.669434,3.74464,3.74331
86.1839,98.9727,0.289623,0.0314633,1.32272,8.07987,8.09824
108.227,106.542,0.360586,0.0267637,0.740049,15.0709,15.0792
97.0649,94.9382,0.336675,0.0438611,1.08598,16.5619,16.5874
103.052,92.1384,0.454949,0.0119175,0.818691,22.3697,22.4227
116.622,95.0141,0.196764,0.0256144,0.276536,22.3489,22.3589
87.2254,94.9257,0.205429,0.0202623,1.23126,5.76092,5.75402
88.9944,100.548,0.3786,0.0445217,1.40248,13.6621,13.6787
108.961,104.714,0.174143,0.0414042,0.326925,7.65057,7.63088
105.74,91.4986,0.497095,0.01845,0.29131,19.4578,19.4504
88.2708,102.326,0.454978,0.0201869,0.135857,1.70674,1.70092
110.164,104.478,0.438684,0.0106864,0.399416,15.0994,15.1224
82.7828,93.3186,0.283453,0.0240363,0.40243,2.58527,2.59399
106.046,93.9369,0.262659,0.0341756,0.203926,13.5825,13.6009
103.669,105.992,0.312716,0.0254602,0.791938,11.3722,11.3805
100.004,102.391,0.112066,0.0296805,1.36222,6.05451,6.04883
108.773,109.037,0.323343,0.0200021,1.23077,16.5185,16.5363
109.289,100.284,0.212041,0.0480192,1.59389,20.8138,20.8695
97.432,99.9571,0.174479,0.0128184,1.40449,7.65965,7.68821
108.76,100.146,0.199783,0.0297326,0.142913,9.5345,9.5283
104.492,102.194,0.190284,0.0117612,1.17969,10.4343,10.4289
91.4624,110.157,0.387258,0.0270555,0.471165,4.10794,4.08785
97.7945,91.8194,0.197567,0.0212942,0.673095,10.3836,10.4007
114.488,89.7054,0.169254,0.0257212,1.9201,30.2712,30.2712
115.782,87.2666,0.18392,0.0223003,1.08023,31.022,31.0266
99.2615,89.8597,0.412293,0.0140972,1.85016,26.9997,26.985
90.6576,98.7611,0.410056,0.0456029,1.09962,14.1408,14.1274
104.026,99.5289,0.359431,0.0141283,1.30138,19.7149,19.7285
85.6743,111.495,0.425114,0.0341318,0.758196,5.56836,5.57268
80.7259,104.355,0.218684,0.0124317,1.03851,1.40029,1.40519
109.305,90.3057,0.254339,0.0264117,0.486125,21.224,21.2378
82.4442,108.45,0.134938,0.0379386,1.39286,0.547194,0.548783
100.974,96.9092,0.443264,0.0362052,1.50573,25.5673,25.5706
86.3317,107.907,0.355989,0.0498608,0.217692,0.761708,0.75923
101.282,111.031,0.255465,0.015177,1.30249,8.79163,8.75821
82.1278,104.521,0.242448,0.0471206,0.712002,1.50648,1.50517
99.6143,106.81,0.489425,0.0267647,0.161387,5.13246,5.1379
98.6028,80.3047,0.491638,0.0378238,1.15877,31.0856,31.113
113.831,111.529,0.168519,0.046208,0.968823,11.4572,11.4324
108.68,94.4354,0.393582,0.0394473,1.04353,26.4631,26.4708
113.412,116.938,0.228568,0.0378539,1.31384,12.7859,12.8127
84.3996,91.3939,0.335712,0.0161998,1.52451,11.9886,11.9892
117.263,108.477,0.350773,0.0429648,0.561668,18.2467,18.2162
114.281,99.7736,0.196642,0.0475965,0.461384,17.4989,17.4968
96.1738,105.116,0.171632,0.023887,0.622237,2.48649,2.47916
83.0106,91.4559,0.291099,0.0137364,0.911218,6.38625,6.35762
116.976,86.4127,0.29371,0.0290158,0.493868,32.2962,32.3457
101.479,105.884,0.19104,0.0379416,1.5888,10.5915,10.5603
81.5805,107.326,0.195268,0.0118666,0.214767,0.00330735,0.00319702
111.535,104.094,0.456793,0.037239,1.41363,29.447,29.4426
99.0246,86.4197,0.184945,0.0231881,1.95011,19.7313,19.7347
96.7424,111.873,0.3871,0.0136942,0.11014,0.881171,0.880605
105.714,92.0517,0.179961,0.0465817,1.50424,21.8437,21.8291
99.6553,102.891,0.3295,0.0258718,0.342943,6.63532,6.6408
87.004,91.865,0.462911,0.0229243,0.574113,10.6274,10.6214
95.2711,109.323,0.334313,0.0300523,0.286502,2.50888,2.50233
90.0035,89.6709,0.255937,0.0114024,0.242585,4.80504,4.80475
86.3959,87.7392,0.197339,0.0351529,0.40485,4.27271,4.27597
118.896,107.179,0.175303,0.02158,1.4923,18.8777,18.8915
110.64,111.757,0.316719,0.0419132,0.106664,4.26728,4.274
86.5362,82.451,0.283758,0.0350687,1.96859,18.2401,18.2394
87.4346,106.514,0.417878,0.0462877,1.24342,11.5516,11.5139
104.848,112.282,0.172959,0.0192694,0.196791,0.920893,0.924318
103.013,118.472,0.28451,0.0239614,0.187474,0.93341,0.933148
101.053,105.04,0.108106,0.0370554,0.970254,4.16131,4.15948
100.545,100.093,0.212866,0.0318471,0.834748,9.31715,9.30557
89.58,107.401,0.457643,0.0471103,0.106666,0.856498,0.852554
106.427,107.091,0.201142,0.0249311,0.34042,5.10798,5.096
106.642,112.25,0.336113,0.0261411,1.68856,18.1607,18.1226
96.3568,112.587,0.390352,0.033108,0.771128,8.2756,8.31492
80.4036,99.286,0.301929,0.0189629,1.54361,6.66175,6.63526
113.716,109.046,0.168637,0.0427372,0.315474,7.9265,7.93967
99.0549,102.099,0.219878,0.027077,0.83205,7.56032,7.56434
105.971,108.454,0.314129,0.0325124,1.78,19.1413,19.155
88.0662,91.0841,0.441239,0.0170528,0.130015,4.36534,4.37544
80.9297,89.7396,0.376835,0.0148587,0.690114,7.05141,7.06887
92.8505,82.8323,0.398566,0.0387675,0.51274,16.7415,16.7597
88.7492,109.48,0.161855,0.03772,1.47941,2.33607,2.33113
101.905,91.764,0.303018,0.0238838,1.10097,19.3351,19.3447
107.598,101.848,0.158282,0.0191815,0.143773,6.58425,6.59248
110.953,106.276,0.281895,0.0490262,1.38401,20.4211,20.429
82.6333,97.8054,0.413072,0.0306198,1.7304,14.1164,14.1288
82.2383,98.5251,0.359908,0.0298842,0.716827,5.14288,5.14921
105.72,114.453,0.127899,0.0470805,1.85462,7.73825,7.73361
118.84,94.5278,0.448345,0.019519,0.173761,25.6274,25.645
85.1293,103.144,0.174919,0.0121081,0.164746,0.00775278,0.00762671
84.6479,103.473,0.330344,0.0405539,0.444138,2.32011,2.31769
104.57,114.631,0.237771,0.0456981,0.812131,6.51875,6.5269
95.8479,83.7437,0.155975,0.016134,0.832107,14.1785,14.1903
95.0513,88.6569,0.279996,0.0241549,1.63487,18.2425,18.3025
113.74,84.3889,0.250703,0.0325172,1.67703,35.9659,35.9892
88.421,80.6894,0.268263,0.0429318,0.138806,8.95008,8.94559
119.974,90.7366,0.199766,0.0107959,0.985208,30.839,30.8516
116.787,88.21,0.343653,0.040643,0.711658,33.2134,33.1978
101.977,101.286,0.469041,0.0400356,0.380199,12.7651,12.7414
110.417,117.425,0.176347,0.0342913,1.08522,6.89365,6.89258
108.101,103.928,0.49895,0.031631,1.80442,32.4038,32.3068
97.4409,94.8421,0.345011,0.0184154,0.255634,8.31058,8.29848
96.841,102.839,0.292785,0.041472,1.85425,15.9977,15.9944
117.634,107.473,0.467113,0.0299009,0.32382,18.2323,18.2676
82.1285,113.136,0.367589,0.0102033,1.91907,8.17473,8.18227
82.1034,92.682,0.324753,0.0138987,0.709964,5.39443,5.39332
92.3858,89.0614,0.490739,0.0435733,1.48839,25.4594,25.4378
95.4461,117.072,0.301852,0.0116081,1.56408,7.90331,7.83755
88.3192,97.8883,0.325928,0.0479172,1.56457,13.2603,13.2512
93.4077,88.74,0.211034,0.0157565,1.64916,13.577,13.5544
91.3664,83.0193,0.140616,0.0187971,1.35874,12.297,12.3168
96.1155,108.026,0.37506,0.0356073,1.78405,16.9752,17.0078
104.302,108.173,0.368023,0.0344012,0.886715,14.0753,14.0825
111.345,117.807,0.246364,0.0199279,0.896892,8.5047,8.49904
93.3781,107.609,0.300252,0.0282674,0.843784,6.02991,6.00948
106.493,96.1557,0.365314,0.0159331,1.25948,23.1235,23.1336
90.4007,92.5482,0.498619,0.0420849,1.78029,25.3328,25.3004
114.515,86.7283,0.212976,0.0166538,1.02285,30.0421,30.0825
93.3023,83.0738,0.431872,0.0480191,0.586844,18.7429,18.7621
93.7248,117.846,0.126587,0.0169366,0.958681,0.224553,0.226512
119.282,109.59,0.357039,0.0119526,0.660861,19.0297,19.0911
112.69,104.493,0.120471,0.0151443,0.420397,9.50816,9.50083
90.789,119.091,0.271634,0.0112268,1.3799,3.91302,3.91518
108.362,110.793,0.494757,0.0160549,1.40763,25.0295,25.0337
117.776,104.419,0.361998,0.0363683,0.29658,17.7614,17.762
85.1212,100.259,0.1721,0.0356338,1.63162,4.01969,4.012
103.605,89.0091,0.406194,0.0214688,1.87737,31.0127,30.9683
97.2245,98.8698,0.18248,0.0390489,0.70971,6.45987,6.46791
103.902,113.484,0.477861,0.0127605,0.65611,12.611,12.6373
92.4675,118.263,0.284686,0.0385038,1.86089,8.31903,8.30606
92.2246,86.5661,0.281677,0.0463401,1.02901,15.5303,15.5053
97.1263,109.742,0.119503,0.0346156,1.41615,2.7729,2.76873
98.5295,104.52,0.139711,0.0274089,1.22338,4.94767,4.95769
94.2651,108.199,0.337975,0.0480221,0.206836,1.75079,1.75039
87.3983,119.693,0.322478,0.0177369,1.94619,7.22401,7.25544
94.0617,103.877,0.327422,0.0134589,1.8811,13.96,13.9735
88.7039,91.5336,0.156606,0.0304172,1.11404,5.96905,5.94617
83.1898,83.5417,0.414391,0.0387808,1.30291,17.1433,17.1548
97.037,109.614,0.140712,0.039162,0.777594,1.68646,1.6893
83.5318,88.5481,0.141833,0.0283594,1.5938,5.47241,5.46286
116.981,102.25,0.177257,0.0392946,0.787153,19.0863,19.1183
114.42,95.1715,0.385506,0.0104721,0.665518,25.3304,25.3196
110.493,100.067,0.175454,0.0415223,1.67139,20.2065,20.1827
94.6146,100.954,0.185547,0.0498341,1.21321,7.5027,7.51125
97.7312,82.1523,0.181613,0.0497799,0.220643,16.5297,16.5173
112.626,116.998,0.335906,0.0172041,1.42208,17.2147,17.2393
104.582,117.096,0.398757,0.035877,0.103058,1.53702,1.54195
108.614,117.869,0.453338,0.0129265,0.558629,11.3642,11.3359
94.1966,104.871,0.427072,0.0114418,1.77121,17.9808,17.9995
102.668,101.923,0.193476,0.0133904,0.960602,8.76235,8.74503
89.07,109.139,0.483703,0.0179275,0.521157,6.16781,6.16351
81.429,119.214,0.205411,0.0207066,0.167735,3.24634e-07,6.03153e-06
94.8975,118.854,0.450678,0.0125433,1.29769,12.1433,12.1437
91.618,102.699,0.368228,0.0283101,1.75214,15.3125,15.3298
103.016,101.415,0.133316,0.0214179,1.1953,8.17715,8.17884
82.4027,82.3192,0.48699,0.0260274,1.79745,22.5627,22.5723
90.181,117.853,0.486702,0.0101243,0.704013,6.62819,6.57442
107.264,109.511,0.231623,0.0349335,0.673778,8.26355,8.26332
93.6427,81.5407,0.282022,0.0346089,0.188548,13.2727,13.2507
95.9816,108.752,0.353976,0.0181939,0.23896,2.54618,2.52895
90.9586,92.4903,0.431125,0.0450201,0.682202,13.4126,13.4068
85.7771,81.294,0.116203,0.0251914,0.566726,6.54238,6.54298
92.2684,90.2855,0.109942,0.0364932,1.98283,10.5347,10.5514
102.405,105.329,0.438172,0.0213236,1.6224,22.6714,22.7666
80.9361,110.372,0.114114,0.0436613,0.194105,0,7.33191e-10
111.156,93.6165,0.487463,0.0295314,1.45101,35.3679,35.4051
92.6481,108.16,0.384119,0.0310546,1.72886,14.9003,14.905
116.624,102.666,0.109327,0.0197564,0.485273,15.0554,15.0564
81.5412,101.84,0.449511,0.020058,1.13322,9.5435,9.55083
108.076,119.553,0.461323,0.0479278,1.66994,24.4816,24.47
83.9718,96.3732,0.335677,0.042367,1.09006,8.63047,8.62568
118.754,106.631,0.240728,0.0357371,1.21733,21.8339,21.8227
110.374,104.892,0.493246,0.0121443,0.565203,19.162,19.0682
93.0895,81.7103,0.155339,0.0342165,1.70407,17.6112,17.6328
111.842,90.8974,0.494714,0.0293824,1.1866,35.2448,35.2744
104.847,111.697,0.447148,0.0215914,1.38341,20.3912,20.3792
86.4733,94.9607,0.349942,0.0417715,1.5645,13.9593,13.9863
103.635,110.954,0.48276,0.0264086,0.72974,14.9667,14.8749
118.983,81.2862,0.38681,0.0461586,1.69707,48.5374,48.416
89.6047,105.932,0.266255,0.0312009,0.522483,2.28658,2.28886
118.356,91.2189,0.14426,0.0140898,1.21732,28.9675,28.957
89.283,85.4605,0.253742,0.0487293,1.22598,14.5021,14.5047
98.5591,111.346,0.189519,0.0394739,0.434464,1.44855,1.4529
88.4119,94.051,0.394123,0.0347038,1.31193,15.2431,15.2016
110.115,117.386,0.403841,0.0476897,0.171231,4.80287,4.8
105.542,106.961,0.181634,0.0453808,1.0742,9.73572,9.74861
105.385,80.7997,0.288812,0.033346,1.89629,33.5281,33.5638
91.1897,111.384,0.108312,0.032526,1.67475,1.06442,1.06213
97.4158,112.709,0.184317,0.021598,0.615664,1.4674,1.46476
114.826,102.598,0.172615,0.0182819,0.291648,13.2739,13.2672
118.617,119.027,0.450856,0.0110919,1.7855,28.8932,28.8275
91.5055,104.884,0.293133,0.0328081,1.62733,10.525,10.5403
101.197,103.047,0.113037,0.0299111,1.38336,6.5427,6.54617
103.776,85.5672,0.271335,0.03239,1.32624,25.5126,25.5288
105.883,96.986,0.290765,0.0192361,1.04822,18.0348,18.0706
86.0189,104.37,0.191875,0.0287929,1.01806,1.99597,1.99148
114.108,116.737,0.241589,0.0238753,0.474656,6.9748,6.97303
116.044,110.829,0.311337,0.0482638,1.72346,25.4856,25.5435
107.431,98.1958,0.114356,0.026002,1.17067,13.2895,13.2762
109.9,116.937,0.27065,0.0472675,0.186224,2.79116,2.78833
89.7156,114.109,0.149619,0.0480251,0.543291,0.107294,0.108298
94.279,85.5147,0.41409,0.0194151,1.38637,23.1493,23.1557
117.796,113.524,0.363754,0.0110645,1.81056,25.5582,25.5522
112.121,89.9737,0.272285,0.0141361,0.73087,25.0525,25.0398
94.6716,88.9503,0.428774,0.0328651,0.34518,12.8752,12.901
83.3622,117.081,0.27613,0.0170776,1.42944,2.89512,2.89799
92.7121,110.187,0.282672,0.0135721,1.25394,6.32121,6.31509
87.1544,106.352,0.341851,0.0195485,0.363199,1.86108,1.86565
101.36,108.438,0.37294,0.0410523,1.42694,17.4849,17.4957
81.2698,107.25,0.364375,0.0273233,1.32925,6.70119,6.69827
85.1599,105.078,0.169084,0.0140159,0.170488,0.00261351,0.00274034
109.723,88.7262,0.221489,0.0376789,0.790595,24.6137,24.6071
90.0528,82.7148,0.416749,0.0251868,0.427887,14.008,13.995
99.1012,118.795,0.181275,0.0145478,1.05268,2.03607,2.03463
116.771,110.044,0.312868,0.0269991,1.53303,23.2459,23.2354
108.625,116.631,0.107704,0.0286626,1.2884,3.69547,3.70672
112.593,106.091,0.332979,0.0172919,0.387867,13.0508,13.0591
93.2624,84.556,0.296175,0.0218746,1.38939,18.5471,18.5662
83.3119,109.048,0.201821,0.0401267,0.548712,0.286546,0.287904
115.364,102.231,0.301897,0.0475089,0.46292,18.5402,18.5242
115.65,105.317,0.342447,0.037331,1.72198,28.5744,28.6451
81.0761,101.224,0.466135,0.0455826,0.491089,4.81344,4.81384
96.1541,97.407,0.340959,0.0206567,0.473811,8.86258,8.84519
104.998,86.7413,0.397914,0.0172264,1.40167,29.4638,29.592
84.3651,84.5478,0.284599,0.0302758,0.891559,9.99793,9.97899
104.402,113.472,0.152167,0.012627,0.899382,3.08847,3.09176
107.288,115.93,0.157379,0.0130525,0.219798,0.66958,0.66999
106.992,81.0853,0.254403,0.0302694,0.692499,28.3011,28.2877
81.2392,113.691,0.482954,0.0381574,0.199213,0.575949,0.570233
103.751,106.342,0.290228,0.0444972,0.788673,11.1407,11.1302
91.6644,104.917,0.256384,0.0239513,0.551424,2.91384,2.92312
102.941,103.325,0.154105,0.0395296,1.73469,11.6937,11.6981
118.05,90.1246,0.313326,0.0231786,1.16407,33.8645,33.8888
106.48,92.2934,0.343525,0.0117658,1.61768,26.2062,26.1365
119.797,84.0148,0.14942,0.0100629,1.60164,37.3256,37.3014
104.959,85.3094,0.352096,0.0364634,1.72842,32.0789,32.1035
119.408,112.459,0.296798,0.0167266,1.90528,24.2227,24.2251
109.37,103.949,0.370798,0.0335947,1.36307,23.3196,23.3522
91.6816,106.635,0.351788,0.0213413,0.354624,3.00666,3.01416
97.7715,102.027,0.243208,0.0350158,1.45897,11.8007,11.7865
92.8684,107.821,0.397815,0.0484601,1.57207,15.7078,15.6609
114.781,112.856,0.454304,0.0121002,0.674556,18.2579,18.2358
98.1976,113.09,0.485507,0.015379,0.788278,11.9414,11.9301
108.017,102.423,0.348877,0.0147304,1.16633,19.5067,19.5297
83.5161,89.2192,0.305219,0.0102735,0.928474,7.7831,7.80306
80.178,116.931,0.122338,0.0289546,1.5141,0.0653645,0.0665369
116.683,86.7675,0.164802,0.0107243,1.64978,32.0888,32.0778
97.7736,87.3431,0.330444,0.0267636,1.5217,22.5809,22.6364
95.1854,116.924,0.171131,0.0425099,1.7444,3.97084,3.9767
103.396,98.9331,0.380003,0.0417306,1.25926,21.8028,21.8361
104.863,93.0974,0.164945,0.0160788,1.85889,17.7991,17.8287
93.8731,111.454,0.109385,0.024426,1.14209,0.623496,0.621316
91.5811,107.863,0.367999,0.0200778,1.96115,14.3466,14.3564
119.18,82.5745,0.392104,0.0298791,0.416858,38.4231,38.3575
109.874,97.0387,0.377983,0.020702,0.951579,23.5298,23.471
105.464,97.6736,0.25348,0.0211362,0.685684,13.8139,13.8088
101.97,98.0346,0.302926,0.0331468,0.185798,7.78115,7.7703
82.3773,118.172,0.112702,0.035758,1.98634,0.203425,0.202449
95.9301,112.028,0.370498,0.0256343,0.920506,8.70319,8.70957
83.959,116.6,0.254488,0.0275033,1.44544,2.72343,2.7304
116.979,90.6228,0.135012,0.0166018,1.8112,29.4507,29.4981
102.05,107.577,0.417851,0.0288881,0.453927,9.69577,9.70654
109.872,98.4951,0.453085,0.0118523,1.53906,29.9561,30.0101
106.082,94.8246,0.315083,0.025541,1.59943,24.2113,24.2072
96.5189,89.8273,0.11391,0.0158285,1.59104,10.9168,10.8904
98.0813,84.1417,0.266947,0.0353917,1.50785,22.9234,22.9309
102.1,99.6369,0.225234,0.0494607,1.48751,16.0499,16.0633
116.418,86.5692,0.106897,0.0433572,1.32677,34.694,34.6956
92.46,112.541,0.255923,0.020436,0.177086,0.161452,0.159827
104.028,111.001,0.3739,0.0396038,0.148827,3.50765,3.50968
89.8732,104.365,0.17284,0.0475721,0.759737,1.85729,1.86858
85.6681,91.3557,0.266074,0.0470467,0.317982,3.36723,3.36763
95.1338,119.777,0.391292,0.0332793,1.32354,10.4617,10.4805
99.6314,81.7496,0.418228,0.0167066,0.830993,25.1351,25.1441
101.911,90.3551,0.432694,0.0461643,1.63554,30.547,30.5198
117.643,103.439,0.136377,0.0378952,0.757557,17.6962,17.6863
94.1077,84.8747,0.106948,0.0122812,1.40356,11.7235,11.7081
98.8754,117.489,0.152884,0.0147187,1.21198,1.73567,1.74053
96.1223,110.991,0.261944,0.0275345,0.136201,0.329427,0.327506
100.834,100.146,0.187796,0.0210576,0.990703,8.83943,8.86458
80.4687,107.099,0.453234,0.0417219,1.15193,8.72876,8.74045
99.9498,86.6472,0.397771,0.0242222,0.595094,20.0032,20.0093
97.6485,86.4274,0.195298,0.0218779,0.994402,15.4377,15.4423
102.092,115.544,0.349277,0.0395533,1.50037,14.7071,14.6702
108.432,102.904,0.376888,0.0192496,0.205094,10.5353,10.5245
90.7586,100.184,0.190271,0.0191686,1.74008,6.60783,6.6162
104.722,100.495,0.470968,0.039159,1.68568,29.5916,29.5528
89.881,89.764,0.141389,0.0221257,1.43038,7.51606,7.52723
81.9115,93.1266,0.375795,0.042675,0.314425,3.34016,3.35735
117.47,82.1103,0.135057,0.0204618,1.73225,38.324,38.2992
89.1997,91.2674,0.270746,0.0286329,1.41501,12.1406,12.1068
86.6209,107.999,0.399697,0.0238836,0.177786,0.76464,0.764826
94.917,82.4653,0.244606,0.0283416,1.60695,20.6041,20.6142
90.7028,95.9897,0.239447,0.0436047,0.731846,6.40047,6.4104
81.6589,118.765,0.229243,0.0247718,0.501975,0.0731454,0.0711489
102.417,93.3486,0.40921,0.0419876,1.09054,23.7064,23.6604
115.044,108.779,0.11915,0.0369976,1.3728,13.5788,13.5953
110.091,112.923,0.378464,0.0105435,0.883416,14.8425,14.7904
106.672,91.1836,0.36171,0.0261497,1.26493,26.5949,26.5868
101.881,98.2757,0.253954,0.0349038,0.751564,12.0857,12.0779
83.3538,117.036,0.280921,0.0444324,1.58038,4.30593,4.28627
80.0847,119.124,0.332115,0.0298008,0.673681,0.995702,0.996722
101.684,80.945,0.228335,0.0116278,1.10178,23.5815,23.5437
105.026,81.2188,0.387254,0.0146359,0.801598,28.7549,28.7161
101.897,81.2276,0.31257,0.0219582,1.80588,29.6945,29.7312
87.0066,100.218,0.100572,0.0136729,1.52346,1.00808,1.00857
113.995,117.1,0.437185,0.0490745,1.46874,25.8956,25.892
96.0953,83.4426,0.492893,0.0331293,0.990399,25.8542,25.8465
89.9471,113.662,0.47191,0.0388676,0.568347,5.98673,5.9923
110.681,83.0936,0.276777,0.0379691,0.139423,28.0301,28.0327
97.6736,115.374,0.396954,0.0309016,1.80239,16.4647,16.4575
82.8434,116.082,0.274027,0.0339107,0.848932,1.30284,1.30127
103.665,82.2016,0.333616,0.0348604,1.83275,32.7383,32.6853
106.212,94.9944,0.181082,0.0286743,0.530178,13.8445,13.8258
86.0263,100.731,0.469545,0.0180979,1.00637,11.467,11.5093
106.093,96.8965,0.349857,0.0286365,1.90191,26.8385,26.8541
105.79,81.9,0.105348,0.0479243,1.48349,29.5498,29.5304
115.006,114.07,0.126981,0.035474,1.44092,10.6212,10.6013
96.4035,82.193,0.221279,0.0391645,0.476803,16.5386,16.5399
89.3521,106.114,0.146688,0.0468384,0.918065,1.30308,1.30102
113.419,93.1858,0.138891,0.0454133,0.807212,23.7302,23.7384
99.5279,105.571,0.352798,0.0287287,0.632286,9.37418,9.38076
94.8802,103.329,0.179066,0.0189629,1.01345,4.28108,4.2727
81.9461,110.614,0.310942,0.0431315,0.992006,3.26488,3.26328
111.618,117.236,0.14872,0.0351523,0.589246,3.70175,3.70486
93.6535,116.042,0.4319,0.0347113,1.75683,15.8272,15.8782
99.8118,89.1213,0.347036,0.0183818,1.33965,22.1379,22.1475
80.1185,88.6858,0.219274,0.0109686,1.28314,5.12391,5.12264
90.2615,109.518,0.41309,0.0188715,1.03576,9.23691,9.24836
117.25,83.8519,0.408875,0.04477,1.93719,47.3659,47.3905
84.7854,91.0965,0.451244,0.0367168,1.0384,14.2892,14.271
116.694,89.8345,0.134245,0.0274863,0.248876,27.4664,27.4718
93.3495,106.377,0.464087,0.0102208,1.29666,15.3576,15.3473
112.116,118.596,0.114324,0.0301372,0.596277,2.20978,2.21137
100.099,80.765,0.370285,0.0283455,0.220414,20.6094,20.5903
102.996,109.853,0.413114,0.0172101,0.368167,7.78044,7.78008
110.224,106.387,0.392517,0.0464667,0.532594,15.6717,15.6719
95.8231,80.6588,0.297721,0.0182118,1.43893,22.8419,22.8167
91.6883,98.1942,0.219034,0.016103,0.173113,1.19024,1.18853
101.607,110.193,0.359055,0.0461623,0.431078,6.95894,6.95542
81.7802,119.244,0.493183,0.0323612,1.14668,7.87855,7.88313
99.4449,116.77,0.464472,0.0173706,0.429778,6.38941,6.39865
110.888,115.125,0.217365,0.0374862,1.69947,13.8625,13.8189
108.3,116.105,0.437769,0.0313212,0.268732,7.02967,7.03933
95.5986,82.5168,0.168358,0.0316982,0.416635,14.4569,14.461
88.1246,97.0599,0.18488,0.0196568,0.296371,0.9335,0.928591
89.5133,101.933,0.373883,0.0383867,1.14285,11.1121,11.131
106.135,101.435,0.459034,0.0158452,1.61079,27.2921,27.2885
117.237,109.368,0.346572,0.0488204,0.483665,16.7673,16.7437
98.07,99.9488,0.22126,0.040682,0.564946,6.68751,6.68403
95.026,99.766,0.248083,0.0389151,0.244176,3.07767,3.07844
82.3105,84.2241,0.285053,0.0379513,1.63326,13.3048,13.3094
90.9369,93.311,0.496854,0.0257282,1.90387,25.1352,25.1694
114.221,89.8629,0.205632,0.035593,0.430742,25.8929,25.8782
119.192,105.55,0.144558,0.0120257,1.72348,18.5836,18.5653
91.4934,88.9981,0.171048,0.0339171,0.1192,3.84413,3.84715
95.2266,88.2969,0.395789,0.0440072,1.07746,20.7476,20.7502
112.731,97.2774,0.264728,0.0162488,0.184139,16.2376,16.257
116.964,103.677,0.288827,0.0308362,1.70761,27.0394,27.0609
106.236,116.379,0.100725,0.0354903,0.153819,0.0235918,0.0232904
114.196,89.747,0.248291,0.0258422,0.833496,27.7289,27.7432
88.834,103.754,0.335083,0.0405547,1.19112,9.2066,9.17339
96.5554,119.866,0.112503,0.0328309,0.721136,0.0822312,0.08258
112.17,118.48,0.131021,0.0492364,1.98862,10.6815,10.6711
84.8694,111.68,0.43709,0.0228946,1.62792,11.6522,11.5985
111.023,93.4677,0.425243,0.0472177,1.41069,33.7103,33.6851
117.07,98.9894,0.128527,0.0466801,1.62304,25.8455,25.8144
119.14,83.4185,0.212679,0.0192664,1.84639,39.6863,39.7702
88.6186,116.382,0.294255,0.0259832,1.31132,4.72465,4.70647
96.5376,93.724,0.47019,0.0142818,1.9727,27.214,27.0762
106.107,86.7082,0.146575,0.0325296,1.52071,24.2198,24.2154
114.815,86.1226,0.38417,0.0410408,0.988695,36.151,36.1002
81.0638,82.0407,0.160911,0.0114754,0.219245,2.07666,2.08153
113.963,85.3491,0.130541,0.0136082,1.5485,30.5757,30.5639
112.664,84.0365,0.459716,0.0472469,1.36078,41.3937,41.3469
95.5299,92.5522,0.446987,0.0255864,1.958,26.4514,26.4694
82.969,102.483,0.454963,0.0242285,1.16618,10.5571,10.5734
113.692,94.6408,0.219362,0.0408045,0.555714,22.0173,22.0013
101.586,98.9194,0.359827,0.0263332,1.76846,22.2704,22.327
100.799,86.3163,0.452272,0.0213496,1.99577,33.1136,33.0902
104.364,115.369,0.353387,0.0254664,0.959513,11.141,11.1479
119.656,99.6852,0.493685,0.0407598,0.368081,26.3806,26.3879
108.664,84.4072,0.24045,0.046612,1.62356,32.4425,32.4435
89.595,80.6036,0.336177,0.0253841,1.72253,21.6395,21.5897
111.486,114.669,0.251179,0.0377234,1.87835,17.3285,17.361
117.672,112.694,0.316319,0.0380078,0.214789,10.0449,10.0576
105.333,107.998,0.458107,0.0429051,0.569134,14.4116,14.4249
85.7084,83.9496,0.365388,0.0438124,1.30456,17.0647,17.0807
91.3345,93.9514,0.270382,0.0258411,1.75576,13.642,13.6645
84.8743,97.3005,0.277103,0.0218916,0.21664,0.932825,0.931772
89.986,82.7038,0.105508,0.0313483,1.42214,11.743,11.7303
99.248,81.8164,0.454911,0.0304467,1.96716,34.8459,34.8023
99.1549,101.369,0.183744,0.0211438,0.772581,6.1048,6.11832
81.2491,115.108,0.274404,0.0211919,1.66776,3.45874,3.45326
105.078,111.983,0.470422,0.0431489,0.84498,16.8974,16.8223
112.337,105.534,0.143338,0.0219882,0.63156,10.1083,10.1074
97.3241,81.2248,0.272074,0.0385189,0.239008,17.2689,17.2481
99.7095,112.507,0.405478,0.0230168,0.372853,5.51931,5.53214
103.957,88.869,0.347034,0.0382443,1.81696,29.7118,29.7418
89.29,109.944,0.376816,0.0219022,0.260972,1.42868,1.43153
104.175,102.412,0.205789,0.0335962,0.417883,7.1838,7.18318
93.0472,91.0875,0.403199,0.0110442,0.803708,14.564,14.5745
108.166,102.37,0.150521,0.0133131,1.64309,12.5986,12.6367
112.437,106.669,0.282653,0.0467748,1.68216,23.2291,23.2275
98.2066,106.517,0.360844,0.0356273,0.164604,2.88055,2.88139
91.821,82.0435,0.18347,0.0227983,1.96744,16.9924,16.9738
96.2283,102.268,0.248514,0.0194305,0.20262,2.15067,2.15826
100.859,87.7234,0.249616,0.0347693,1.89892,24.0051,23.9994
104.61,83.1531,0.317719,0.0339699,1.50129,30.3866,30.421
81.8367,117.329,0.193052,0.0187421,1.51037,0.843031,0.837952
95.9321,118.389,0.476978,0.0177841,0.271717,3.01231,3.01762
92.1329,93.9622,0.453039,0.0434029,0.525028,12.1145,12.1373
91.2566,103.576,0.184521,0.0152352,0.61874,1.6656,1.66342
103.718,113.023,0.233673,0.0479276,1.72237,12.5062,12.4865
114.914,117.81,0.49159,0.0450471,1.88543,32.9229,32.9435
104.158,92.4278,0.499388,0.0335032,0.512861,21.4347,21.4761
94.5818,98.7411,0.278912,0.0177585,1.93475,14.1824,14.2021
87.4159,99.6842,0.236352,0.0103028,0.469607,1.87763,1.87107
117.416,102.461,0.403746,0.042411,0.208795,18.3141,18.3319
104.027,112.681,0.200317,0.0203548,1.34186,7.31247,7.31013
110.289,100.958,0.186354,0.0312008,0.9513,15.1909,15.2144
92.9352,90.117,0.275894,0.0350355,1.91313,18.1665,18.1703
116.012,106.878,0.194743,0.0418816,1.53702,20.1528,20.1266
91.8617,104.878,0.398491,0.0212392,0.224928,2.75689,2.74698
114.504,98.3843,0.418642,0.0165244,1.68844,33.1672,33.1251
82.2593,85.1098,0.329604,0.0461849,1.03058,11.3862,11.4177
111.661,91.2546,0.324881,0.0323928,1.27227,29.5621,29.5472
101.109,84.889,0.474444,0.0217785,1.44134,31.21,31.2701
83.912,105.018,0.286118,0.0365855,1.4177,6.05576,6.05771
118.145,98.7648,0.216939,0.0308039,1.59981,27.3725,27.3917
115.927,96.0802,0.12043,0.0391863,1.85269,26.9719,26.9726
92.0771,109.102,0.302695,0.0491031,1.37683,9.32039,9.28352
80.9646,101.809,0.256443,0.0200249,1.63314,4.92437,4.90781
114.432,107.832,0.34118,0.0193778,0.840905,18.2945,18.2735
95.8765,94.8868,0.43014,0.010894,0.37946,10.7516,10.738
85.6746,91.2661,0.191542,0.040121,0.635668,3.83152,3.82912
95.7688,108.738,0.424534,0.0411711,0.916885,12.0714,12.0564
88.6314,95.6281,0.368248,0.0105734,0.706429,8.44583,8.41743
82.7439,117.443,0.316175,0.0416525,0.509459,0.715257,0.706577
107.55,87.7779,0.104938,0.0270314,0.668711,21.3532,21.3577
116.796,90.4283,0.31916,0.0218608,1.9774,37.0505,36.9222
87.0077,101.715,0.34825,0.0271033,1.80684,12.5482,12.5252
112.244,109.72,0.156542,0.0308778,1.65329,13.2675,13.2451
93.84,85.6637,0.253497,0.0331691,1.05065,15.6976,15.726
119.055,99.3691,0.374674,0.0126271,0.962936,28.3457,28.3846
104.325,106.162,0.28154,0.0282878,1.99155,18.2066,18.1805
88.0215,115.525,0.439191,0.0206556,0.18863,0.694613,0.693887
94.4209,94.8891,0.170342,0.0143816,1.34207,8.06653,8.06077
113.472,82.1095,0.315631,0.0269616,0.861559,34.8077,34.8582
80.8206,104.85,0.475203,0.048978,0.828592,7.52691,7.53218
100.867,119.954,0.226502,0.0307199,0.319928,0.668207,0.670711
102.698,82.0928,0.319895,0.0354034,0.373825,22.6464,22.6562
105.828,109.39,0.446756,0.0216527,0.537801,12.7981,12.8018
113.93,116.938,0.435624,0.0475138,1.92129,29.899,29.9248
101.895,118.71,0.158847,0.0115095,0.187577,0.0377421,0.0381157
84.2101,117.158,0.336341,0.0136729,0.76821,2.04107,2.04618
112.576,99.126,0.10072,0.0351634,1.96467,20.6143,20.6048
116.447,113.04,0.188228,0.045199,1.59879,17.1109,17.0828
94.1795,102.971,0.14113,0.0453831,0.498425,1.45456,1.46013
82.2032,92.8243,0.237136,0.0111069,0.796132,3.45695,3.44849
103.505,115.398,0.378441,0.0294216,1.84455,18.8497,18.8001
87.2099,111.204,0.22712,0.0343342,1.40488,3.54072,3.5332
85.2083,115.359,0.162274,0.0154151,1.73749,0.969353,0.966975
116.647,101.547,0.499513,0.0287972,1.50424,36.5252,36.5257
99.451,86.0799,0.17506,0.0357879,1.62482,20.1912,20.2123
94.2837,107.423,0.388378,0.0413127,0.500434,6.30484,6.28127
113.777,115.204,0.254817,0.029085,0.638677,9.57425,9.55016
81.7778,109.715,0.314343,0.0102555,1.61179,5.34869,5.34199
119.066,107.269,0.406205,0.024324,0.549486,21.0962,21.0746
82.7667,112.293,0.38018,0.0157213,0.432737,1.35317,1.3612
90.9589,116.256,0.242572,0.0336531,0.270338,0.150914,0.15261
81.0754,111.852,0.383521,0.0199406,0.672841,2.55175,2.55383
109.863,92.2284,0.183593,0.0327776,0.473988,19.4254,19.4202
81.9817,92.0029,0.361329,0.0473798,0.662935,6.81627,6.82001
88.3725,101.326,0.353198,0.0299654,1.09224,9.32194,9.3366
84.218,108.235,0.335178,0.0281891,1.58291,7.84196,7.83188
87.2577,84.2718,0.353224,0.0429408,1.21107,16.8278,16.8318
84.309,86.8885,0.207156,0.0395825,0.935004,7.00809,6.99569
82.6581,108.837,0.20461,0.0134077,0.7113,0.437911,0.435229
117.097,112.151,0.246538,0.0148309,1.96035,19.9152,19.9009
96.3236,81.9134,0.178478,0.0362763,0.106131,14.722,14.7282
81.9536,93.6631,0.477952,0.0325828,0.948821,11.877,11.8488
88.5825,100.308,0.475115,0.0141278,0.19931,3.50488,3.50884
100.268,115.109,0.117186,0.0357709,1.14414,1.65057,1.65584
100.943,105.656,0.280262,0.0386612,0.893446,10.156,10.1427
92.0169,119.622,0.292453,0.026117,1.19547,4.51717,4.506
93.0252,114.53,0.450789,0.0225761,1.04502,10.6896,10.6942
109.492,80.3319,0.369679,0.0186006,1.49014,36.764,36.7729
116.899,108.907,0.118594,0.0105221,0.661431,10.0308,10.0353
117.493,84.7473,0.269504,0.0482069,1.96211,42.7287,42.7551
84.4548,90.9728,0.155484,0.0389326,0.983102,3.87116,3.87713
119.503,84.9441,0.298635,0.0286007,1.6459,41.5152,41.4891
118.611,100.701,0.349514,0.0381704,1.84304,34.6312,34.6164
107.262,106.773,0.270469,0.0136152,1.73049,16.4766,16.4693
103.731,106.271,0.246748,0.0463232,0.427884,6.48317,6.46199
87.7813,86.4406,0.169535,0.0365815,1.25735,9.38647,9.39493
100.939,88.3958,0.485271,0.0171359,0.172889,15.6443,15.6455
115.02,100.984,0.494313,0.0454587,1.37892,35.3242,35.3174
97.1084,118.208,0.4915,0.0105574,0.146709,1.5661,1.56218
81.9254,105.486,0.335833,0.044684,1.58516,8.27477,8.2625
103.001,119.66,0.213691,0.0369481,0.7825,3.27155,3.25868
109.402,95.5014,0.236487,0.0241431,0.249186,15.1462,15.1448
86.8532,90.5542,0.447809,0.0150378,0.418365,8.69662,8.6906
80.3832,108.057,0.417479,0.0115562,1.4882,8.48342,8.49662
109.861,105.594,0.263495,0.0444198,1.84996,21.8808,21.8587
113.187,91.6348,0.168963,0.0452646,1.19042,27.0115,26.9727
81.1766,116.353,0.309462,0.0409622,0.392002,0.285246,0.282778
88.6945,84.4235,0.205218,0.022828,1.13647,11.0946,11.0967
112.914,93.2043,0.32706,0.0303881,0.499917,23.4823,23.4907
117.679,99.8884,0.241446,0.0135134,1.65624,25.6261,25.5884
89.4651,97.5894,0.207988,0.0390137,1.32595,7.16286,7.17125
102.102,107.712,0.120897,0.0227468,0.597886,2.15187,2.15444
89.1743,87.8764,0.41037,0.025736,0.533648,11.7329,11.7712
109.087,97.6317,0.225328,0.0481834,1.984,25.1715,25.1683
87.8585,85.854,0.319426,0.0435385,0.893343,13.0525,13.0782
87.8615,108.956,0.382969,0.0250678,0.290722,1.65801,1.64997
107.112,90.8904,0.123139,0.0488687,1.32235,22.2066,22.2116
117.868,92.0132,0.130575,0.0246191,1.60553,29.7006,29.7029
86.5711,86.0248,0.257962,0.0318951,1.68317,13.878,13.8686
107.351,118.86,0.166947,0.0457065,1.83588,8.7972,8.81377
117.404,118.955,0.398768,0.0227964,0.207393,8.06322,8.04409
107.234,84.0911,0.201656,0.0296145,1.21846,27.1702,27.16
118.143,96.6806,0.188113,0.0385183,1.48129,28.3403,28.3709
87.607,85.7532,0.116671,0.0128142,1.75289,7.36252,7.36771
82.8276,110.602,0.346939,0.0184681,1.84638,8.13385,8.10663
87.0792,114.282,0.288514,0.0195618,1.47043,4.87979,4.91604
95.4426,80.1897,0.201756,0.047975,1.55793,22.8424,22.8269
113.612,84.187,0.164051,0.0405801,0.22901,30.1994,30.2037
80.9768,119.414,0.276916,0.0143543,1.43681,2.1645,2.16199
114.047,116.635,0.341949,0.013255,1.66677,19.9093,19.9077
115.33,112.057,0.394291,0.0102265,0.65307,16.4037,16.442
107.187,112.879,0.445168,0.0312635,1.27284,20.7912,20.7427
93.293,88.6768,0.29434,0.0111132,1.01191,13.6839,13.6845
92.5241,87.4655,0.264232,0.0411518,1.23909,15.6106,15.6403
87.4121,91.463,0.414691,0.0128147,1.0898,13.8531,13.8659
103.214,105.218,0.246352,0.0301113,1.11948,11.4043,11.3838
110.709,90.5982,0.222522,0.0367616,1.12181,25.5692,25.5972
92.4462,105.309,0.126158,0.0328709,1.07454,1.73954,1.7306
94.8971,95.8742,0.172775,0.0155139,0.774482,5.82473,5.83011
84.2422,88.0329,0.381934,0.0122914,1.96958,17.1146,17.1484
115.87,84.0304,0.481425,0.0388401,0.563804,36.8738,36.8611
107.309,85.2489,0.372144,0.0381646,1.31383,32.3091,32.2629
97.3911,86.2133,0.261039,0.0232912,0.522592,14.6439,14.6268
89.4717,110.762,0.140367,0.0225982,1.68912,1.58484,1.5943
107.444,110.671,0.341411,0.0214911,0.298373,6.88855,6.87834
87.3516,83.3031,0.366184,0.0120097,0.744557,13.2537,13.2278
98.3978,109.537,0.407855,0.0285963,0.702119,9.94607,9.9245
107.872,87.3086,0.278375,0.02581,0.819929,24.7171,24.7107
93.5747,101.647,0.369188,0.0337562,1.38482,14.7228,14.7272
106,98.07,0.139391,0.0366914,1.36697,14.7178,14.724
107.073,89.8018,0.120375,0.0244052,1.41341,20.7475,20.7474
112.311,98.5829,0.183672,0.0319976,1.10491,19.2699,19.3086
116.722,111.803,0.296946,0.0318558,0.721963,15.4874,15.4578
92.7568,100.086,0.128462,0.0387967,0.693762,2.14497,2.14152
107.597,85.1039,0.283825,0.0406649,0.827777,27.1494,27.1802
83.3551,97.9278,0.402087,0.0370716,1.63498,13.7412,13.7291
87.161,110.834,0.166235,0.0293985,1.81202,2.40355,2.40723
116.118,109.344,0.450679,0.0433806,1.18233,27.9359,27.9476
95.0303,90.9203,0.316117,0.0491522,0.175298,7.7283,7.71348
82.0785,90.2623,0.423682,0.0228573,1.7717,16.5095,16.5196
114.414,104.733,0.404035,0.0412591,0.647025,21.0273,21.0445
118.329,119.453,0.403156,0.0250061,1.95166,27.9477,28.0779
103.321,112.969,0.100192,0.0172673,1.53449,2.59344,2.59116
96.2296,118.846,0.104002,0.0395389,0.406009,0.00318962,0.00327826
82.1538,86.8422,0.414136,0.016205,0.432047,7.18687,7.21731
89.0177,111.053,0.448418,0.0491554,1.6618,15.7432,15.7111
101.214,95.7589,0.24899,0.0463557,1.14777,16.1917,16.2218
119.609,92.8315,0.180766,0.0291031,1.05492,30.131,30.1095
82.8465,110.651,0.316786,0.0137671,0.637815,1.61763,1.61663
97.3055,109.172,0.327552,0.0142655,1.12513,9.60926,9.61744
95.3568,89.0207,0.384631,0.0119869,1.56439,21.5187,21.6425
111.848,92.516,0.26331,0.0460308,0.943128,25.816,25.7513
118.589,89.2723,0.161593,0.0397344,0.418781,30.8039,30.7959
108.683,110.423,0.147665,0.0149778,1.5106,8.19209,8.20254
83.1544,91.0789,0.312668,0.0318884,1.28998,9.99661,10.009
90.6998,106.941,0.294038,0.0166441,0.971536,5.46019,5.46179
92.871,91.4384,0.284347,0.0247497,0.883636,11.4685,11.492
80.1189,80.0495,0.140139,0.0370499,0.456393,3.76265,3.75671
84.1495,94.5754,0.135287,0.026585,0.244578,0.12335,0.123142
100.495,116.907,0.267499,0.024898,0.623678,3.56383,3.56295
83.2473,116.33,0.132755,0.0268487,0.785347,0.014331,0.0135911
106.897,102.15,0.35312,0.0454166,1.70119,25.0446,25.1514
99.8046,105.829,0.440444,0.0231993,0.171586,4.97879,4.98679
96.8756,110.777,0.315104,0.034125,1.787,13.3137,13.347
116.928,115.566,0.369583,0.0491715,0.74497,17.4144,17.3918
107.722,94.3508,0.386939,0.0362117,1.51776,29.1662,29.153
97.6217,104.526,0.353936,0.0214432,1.15464,12.9508,12.9742
83.2211,109.734,0.309143,0.0377282,1.23304,4.77781,4.77629
117.644,106.682,0.430044,0.0265876,1.72932,33.0634,33.0797
93.4523,89.6391,0.366271,0.0446255,1.43714,20.5717,20.5531
101.174,97.7413,0.179549,0.0429918,1.25998,12.807,12.8072
85.504,112.816,0.262555,0.0226171,1.17491,2.85457,2.85212
105.653,111.599,0.164202,0.0222066,1.21119,6.3308,6.31313
117.871,93.2471,0.222554,0.0119028,1.0392,27.4368,27.4263
116.543,118.077,0.230803,0.0213859,0.367048,6.21865,6.21223
89.7231,94.0586,0.359285,0.0471072,1.67588,17.6754,17.6811
115.093,93.7187,0.286312,0.0162592,1.62607,29.7259,29.7247
85.1626,87.1248,0.126821,0.0295005,0.217197,1.3967,1.39864
93.3041,102.847,0.269874,0.0208152,0.890439,6.45564,6.47937
113.403,85.8979,0.445899,0.022265,0.393085,30.4783,30.4216
84.3497,86.0526,0.437727,0.041038,0.372717,8.76513,8.79009
93.6919,100.237,0.205942,0.0317836,1.61857,9.09951,9.10328
89.473,90.8162,0.387236,0.0374036,1.18041,16.0308,16.0171
111.025,107.078,0.149069,0.012118,1.19298,10.0881,10.104
107.93,85.1499,0.311336,0.0317089,1.08856,29.1166,29.0926
101.189,105.669,0.43535,0.0495585,1.62097,23.5384,23.5761
96.2672,117.139,0.342261,0.0472889,1.29622,9.96221,9.9245
112.308,102.617,0.353418,0.0175496,1.02828,21.5939,21.5931
98.6057,102.346,0.43912,0.0314613,1.43304,20.7796,20.7512
106.731,92.0991,0.436178,0.0314348,1.66139,32.6055,32.4488
106.419,82.1191,0.220224,0.0135268,1.493,27.8657,27.8582
116.088,85.3381,0.126487,0.0223428,0.27168,31.271,31.266
98.0687,90.3574,0.16883,0.0120042,0.379485,9.2318,9.23204
110.151,90.1424,0.114863,0.0485731,1.86614,28.0233,28.0053
96.4479,91.5647,0.234626,0.0365385,1.70034,17.0384,17.049
94.5049,111.605,0.421721,0.0396681,0.799302,9.28261,9.28305
91.7801,115.019,0.26578,0.0400592,0.347321,0.649022,0.649192
95.1339,95.1042,0.212809,0.0360463,1.01014,9.76701,9.78775
100.419,114.955,0.290665,0.0407984,0.600224,4.77577,4.77453
80.1228,82.6186,0.477629,0.04507,0.224965,6.50512,6.49942
86.1046,92.0072,0.185284,0.0303117,1.83743,8.19874,8.1992
113.843,86.317,0.397346,0.0496919,0.397125,30.6127,30.6296
104.764,106.897,0.108766,0.0414948,1.47614,7.75613,7.77619
119.593,80.4522,0.369975,0.0396516,0.520142,41.4126,41.4358
88.7562,90.3476,0.127355,0.0350803,1.4338,6.85177,6.84844
108.291,118.333,0.270224,0.0419322,1.11194,10.35,10.3416
89.5218,101.235,0.255207,0.0226625,1.69443,8.78003,8.77461
101.62,89.8415,0.335299,0.016768,0.438328,16.0593,16.0588
99.5128,99.0255,0.160358,0.0368681,0.833301,7.62124,7.61415
106.791,110.081,0.220922,0.0117778,1.27205,9.86822,9.86378
90.9126,110.271,0.397795,0.0267114,1.90224,14.9122,14.894
91.477,98.7036,0.179072,0.0385895,1.84315,8.67329,8.64888
97.4175,100.92,0.41936,0.0234292,1.29862,18.1957,18.2044
116.897,96.7458,0.215911,0.0444138,0.734622,24.3437,24.3429
87.0965,119.691,0.46703,0.0146122,0.916893,6.64339,6.59965
82.0306,106.357,0.402897,0.0429127,1.74398,11.7686,11.73
86.2876,108.876,0.369988,0.0489274,0.982464,6.78347,6.77379
108.408,80.8847,0.386064,0.0317639,0.134298,27.9448,27.9533
98.8261,119.542,0.433326,0.0312975,0.133835,1.02436,1.01502
86.9946,81.4505,0.281996,0.0456297,0.885683,13.7606,13.7908
95.7605,101.632,0.339025,0.0106774,0.745491,9.06098,9.08031
116.944,102.358,0.299545,0.0208361,0.554732,19.524,19.527
88.8902,104.258,0.438613,0.033928,1.98089,18.5317,18.5383
100.901,89.6698,0.25006,0.029898,0.533548,14.9701,14.9709
86.6547,116.006,0.43135,0.0253155,1.36795,9.52187,9.53094
85.5628,108.73,0.481892,0.0174514,0.455668,4.33217,4.34097
111.059,112.223,0.185999,0.0315113,1.25723,10.7786,10.7768
83.2663,105.074,0.183279,0.0484057,0.347868,0.0864437,0.0859113
103.97,85.7349,0.493514,0.0367431,1.73305,36.9947,36.9806
117.598,88.0396,0.332137,0.0493692,1.8688,42.1609,42.1743
94.5092,100.374,0.320449,0.014615,0.935865,9.79886,9.80121
91.2899,118.801,0.212305,0.0379712,1.14031,2.0301,2.02585
105.548,116.651,0.194954,0.0428004,1.16521,6.60778,6.61364
119.548,88.8067,0.138776,0.0216609,1.18361,33.0573,33.0783
102.008,119.282,0.290179,0.0466538,0.432714,2.90627,2.90165
96.1023,101.678,0.378916,0.0335041,0.198837,4.49029,4.46948
111.975,108.694,0.151703,0.0316909,0.163712,5.04505,5.0413
101.488,107.7,0.345782,0.0214833,0.649089,9.27015,9.29585
102.326,113.842,0.249423,0.0131618,0.295171,1.88945,1.88494
107.823,89.0182,0.244929,0.0387584,0.812964,23.3068,23.2983
84.1507,119.117,0.377408,0.0452488,0.127629,0.02435,0.0241852
110.933,86.4665,0.387988,0.0144804,0.690224,28.988,29.0471
91.8289,118.969,0.387512,0.0254161,0.951585,6.2639,6.3008
116.986,83.5978,0.137151,0.0487623,0.383309,34.9345,34.9367
97.4343,99.1123,0.266677,0.0182189,0.965041,10.1952,10.1762
86.6955,114.838,0.489775,0.0264492,1.07693,9.8237,9.77306
112.278,112.91,0.490058,0.0411766,0.456444,15.384,15.4127
98.166,82.0591,0.118785,0.0363233,0.820793,18.6078,18.6114
114.998,94.6326,0.271306,0.0468056,1.00103,27.4443,27.5072
89.1018,84.4903,0.255256,0.037419,0.483494,9.61008,9.62949
116.337,107.423,0.10609,0.028225,1.98906,16.4179,16.3855
117.217,99.4398,0.280553,0.0456024,1.22578,27.7333,27.7371
112.327,95.1,0.305063,0.0485381,0.227652,19.057,19.0769
113.213,93.2233,0.180512,0.0203369,1.99908,26.1697,26.1761
110.259,100.331,0.284735,0.026532,0.480663,15.0076,15.006
94.0634,85.2065,0.203134,0.0153877,1.99477,16.8065,16.7957
85.5852,116.525,0.403328,0.0264257,1.29383,7.51071,7.51305
95.7646,97.3799,0.210216,0.023193,0.331322,4.22081,4.21896
84.1797,84.2772,0.191644,0.0484817,0.499324,5.50676,5.5165
118.142,102.278,0.209207,0.0187767,0.691785,19.0682,19.0772
114.287,89.7733,0.352238,0.0484815,1.65844,37.5148,37.565
118.105,100.743,0.188928,0.0208672,1.43251,23.045,23.0611
98.6601,93.7117,0.219997,0.016817,1.07288,12.381,12.3585
100.446,114.545,0.356309,0.0150401,1.83123,15.1263,15.1452
107.268,107.559,0.40613,0.0385109,1.99952,27.375,27.4047
102.204,87.9161,0.321693,0.0165865,0.769266,20.0184,20.0158
117.447,96.3978,0.186086,0.0376423,0.426299,22.8066,22.7873
114.108,88.9046,0.399064,0.0484933,0.206993,26.6733,26.714
107.45,118.806,0.26165,0.0167663,0.180759,1.31992,1.31583
85.3993,95.2953,0.265091,0.0465831,1.17955,7.84806,7.82877
92.3164,96.2934,0.158195,0.0218174,0.474551,2.75538,2.75621
116.501,106.004,0.420659,0.0281171,1.83668,33.0601,33.0541
88.149,101.118,0.405151,0.0420909,1.41868,14.1781,14.1514
101.326,97.6564,0.110935,0.0414613,1.09316,9.58624,9.58275
93.6287,112.365,0.452285,0.0153027,1.64264,16.0164,16.0199
86.549,102.029,0.324127,0.0313451,1.0641,7.14904,7.15414
84.4515,92.7353,0.134426,0.0330401,0.787703,1.85642,1.85485
108.871,86.2639,0.128504,0.0176696,0.104613,22.7689,22.7663
118.367,85.1352,0.148467,0.0132035,1.05001,34.4442,34.4665
91.0923,109.151,0.253104,0.0437229,0.243655,0.490576,0.492702
95.0193,83.9278,0.186697,0.0105328,0.710552,13.3024,13.2925
104.716,100.922,0.233884,0.0289164,0.785923,11.7566,11.7703
108.962,80.0368,0.267768,0.0340969,0.307996,29.8404,29.84
101.342,95.6004,0.468589,0.011237,0.402233,14.9229,14.9496
89.6264,101.589,0.320733,0.0287355,0.515135,4.42302,4.4345
92.247,96.0608,0.17833,0.0454829,1.55575,9.50684,9.49548
112.419,82.2628,0.151699,0.03075,0.93799,32.5709,32.5423
98.7894,108.662,0.152772,0.0468341,0.27035,0.629858,0.631001
99.0206,94.3983,0.12988,0.0161499,1.45894,9.99188,9.99442
103.507,91.6253,0.362656,0.0359691,0.272556,15.3992,15.4091
100.005,106.106,0.246957,0.0463323,1.67934,13.5032,13.5388
106.578,86.3974,0.372374,0.0125764,0.583802,24.2887,24.2771
112.684,89.9693,0.489751,0.01043,1.30054,36.0328,36.0472
109.41,80.3734,0.461388,0.0334887,0.859008,36.0195,36.1
92.6446,89.7559,0.156338,0.0322825,1.21927,9.8431,9.84271
89.6936,114.979,0.463163,0.0306083,0.704085,6.66661,6.69557
100.057,90.7532,0.380694,0.0438034,0.873513,20.5331,20.5269
82.9689,95.4724,0.264683,0.0449429,0.436286,2.23614,2.23139
97.0678,108.645,0.305545,0.0345001,0.287692,2.69941,2.69793
101.963,92.5879,0.223085,0.0437636,1.4414,19.2752,19.2982
104.463,87.6952,0.129458,0.0374582,1.82116,23.176,23.1525
111.909,104.922,0.484736,0.0396001,0.935613,25.5397,25.5954
85.0997,84.9353,0.153021,0.0106521,0.651644,4.5576,4.55923
88.9093,81.9776,0.368536,0.0298982,1.75187,22.1891,22.2037
97.7559,101.216,0.234044,0.0175476,0.990557,8.30976,8.31056
98.3379,80.2587,0.386027,0.0470723,0.674095,24.2505,24.2507
94.7404,92.0159,0.468181,0.01899,0.570676,14.9569,14.978
